{
	"$schema": "https://schemas.wp.org/wp/6.6/theme.json",
	"customTemplates": [
		{
			"name": "blank-canvas",
			"title": "Blank Canvas"
		},
		{
			"name": "template-basic",
			"title": "Basic Template"
		}
	],
	"settings": {
		"appearanceTools": true,
		"color": {
			"gradients": [
				{
					"gradient": "linear-gradient(230deg,rgb(67,7,81) 0%,rgb(9,35,80) 36%)",
					"name": "Gradient 1",
					"slug": "gradient-one"
				},
				{
					"gradient": "linear-gradient(230deg, rgba(90, 26, 129, 1) 0%,rgba(11, 30, 76, 1) 100%)",
					"name": "Gradient 2",
					"slug": "gradient-two"
				}
			],
			"palette": [
				{
					"color": "#1f283c",
					"name": "primary",
					"slug": "primary"
				},
				{
					"color": "#2f6cFc",
					"name": "secondary",
					"slug": "secondary"
				},
				{
					"color": "#eabaff",
					"name": "third",
					"slug": "third"
				},
				{
					"color": "#595c63",
					"name": "fourth",
					"slug": "fourth"
				},
				{
					"color": "#f4f4f4",
					"name": "fifth",
					"slug": "fifth"
				},
				{
					"color": "#ffc700",
					"name": "sixth",
					"slug": "sixth"
				},
				{
					"color": "#dcdcdc",
					"name": "seventh",
					"slug": "seventh"
				},
				{
					"color": "#161634",
					"name": "eighth",
					"slug": "eighth"
				},
				{
					"color": "#aeb7c4",
					"name": "ninth",
					"slug": "ninth"
				},
				{
					"color": "#828282",
					"name": "tenth",
					"slug": "tenth"
				},
				{
					"color": "#f2f4f9",
					"name": "eleventh",
					"slug": "eleventh"
				},
				{
					"color": "#ffffff30",
					"name": "twelfth",
					"slug": "twelfth"
				},
				{
					"color": "#205EDF",
					"name": "thirteenth",
					"slug": "thirteenth"
				},
				{
					"color": "#01011D",
					"name": "fourteenth",
					"slug": "fourteenth"
				},
				{
					"color": "#FFFFFF",
					"name": "fifteenth",
					"slug": "fifteenth"
				}
			]
		},
		"custom": {
			"headings": {
				"typography": {
					"fontFamily": "var(--wp--preset--font-family--primary)"
				}
			}
		},
		"layout": {
			"contentSize": "1140px",
			"wideSize": "1200px"
		},
		"spacing": {
			"units": [
				"px",
				"em",
				"rem",
				"vh",
				"vw"
			]
		},
		"typography": {
			"customFontSize": true,
			"defaultFontSizes": false,
			"fontFamilies": [
				{
					"fontFamily": "'Roboto'",
					"name": "Roboto",
					"slug": "primary"
				},
				{
					"fontFamily": "'Noto Sans'",
					"name": "Noto Sans",
					"slug": "secondary"
				}
			],
			"fontSizes": [
				{
					"name": "Tiny",
					"size": "16px",
					"slug": "tiny"
				},
				{
					"name": "Small",
					"size": "18px",
					"slug": "small"
				},
				{
					"name": "Normal",
					"size": "20px",
					"slug": "normal"
				},
				{
					"name": "Large",
					"size": "24px",
					"slug": "large"
				},
				{
					"name": "Extra large",
					"size": "40px",
					"slug": "extra-large"
				},
				{
					"name": "Huge",
					"size": "96px",
					"slug": "huge"
				},
				{
					"name": "Gigantic",
					"size": "144px",
					"slug": "gigantic"
				},
				{
					"name": "Heading 1",
					"size": "clamp(32px, 4.444vw, 60px )",
					"slug": "heading-1"
				},
				{
					"name": "Heading 2",
					"size": "clamp(30px, 3.888vw, 48px)",
					"slug": "heading-2"
				},
				{
					"name": "Heading 3",
					"size": "clamp(23px, 3.333vw, 25px)",
					"slug": "heading-3"
				},
				{
					"name": "Heading 4",
					"size": "clamp(18px, 2.777vw, 22px)",
					"slug": "heading-4"
				},
				{
					"name": "Heading 5",
					"size": "clamp(18px, 2.222vw, 20px)",
					"slug": "heading-5"
				},
				{
					"name": "Heading 6",
					"size": "clamp(14px, 1.666vw, 16px)",
					"slug": "heading-6"
				}
			]
		}
	},
	"styles": {
		"blocks": [],
		"color": {
			"background": "var(--wp--preset--color--white)",
			"text": "var(--wp--preset--color--fourth)"
		},
		"elements": {
			"h1": {
				"typography": {
					"fontFamily": "var(--wp--custom--headings--typography--font-family)"
				}
			},
			"h2": {
				"typography": {
					"fontFamily": "var(--wp--custom--headings--typography--font-family)"
				}
			},
			"h3": {
				"typography": {
					"fontFamily": "var(--wp--custom--headings--typography--font-family)"
				}
			},
			"h4": {
				"typography": {
					"fontFamily": "var(--wp--custom--headings--typography--font-family)"
				}
			},
			"h5": {
				"typography": {
					"fontFamily": "var(--wp--custom--headings--typography--font-family)"
				}
			},
			"h6": {
				"typography": {
					"fontFamily": "var(--wp--custom--headings--typography--font-family)"
				}
			},
			"link": {
				"color": {
					"text": "var(--wp--preset--color--secondary)"
				}
			}
		},
		"typography": []
	},
	"templateParts": [
		{
			"area": "header",
			"name": "header"
		},
		{
			"area": "footer",
			"name": "footer"
		}
	],
	"version": 3
}